,,,,,,,
,,,,,,,
,,,,,,,
,,,,,,,
,,,,,,,
,,,,,,,
,,,,,,,
,,,,,,,
,,,,,,,
,,,,,,,
,,,,,,,
,,,,,,,
,,,,,,,
,,,,,,,
UNIT.,,BSO,TYPE,COST,SIZE,PRICE PER M2,NEXT PRICE
BOOKED,,1,STUDIO GARDEN,109700,"31,2",3516,115185
EARLY STAGE,,2,STUDIO GARDEN,109700,"31,2",3516,115185
BOOKED,,3,STUDIO GARDEN,109700,"31,2",3516,115185
BOOKED,,4,STUDIO GARDEN,109700,"31,2",3516,115185
BOOKED,,5,STUDIO PALMS+OCEAN,109700,"31,2",3516,115185
EARLY STAGE,,6,STUDIO PALMS+OCEAN,109700,"31,2",3516,115185
PREBOOKED,,7,STUDIO PALMS+OCEAN,109700,"31,2",3516,115185
BOOKED,,8,STUDIO PALMS+OCEAN,109700,"31,2",3516,115185
EARLY STAGE,,9,STUDIO VOLCANO VIEW,109700,"31,2",3516,115185
EARLY STAGE,,10,STUDIO VOLCANO VIEW,109700,"31,2",3516,115185
EARLY STAGE,,11,STUDIO VOLCANO VIEW,109700,"31,2",3516,115185
EARLY STAGE,,12,STUDIO VOLCANO VIEW,109700,"31,2",3516,115185
BOOKED,,13,STUDIO OCEAN,115000,"31,2",3686,120750
BOOKED,,14,STUDIO OCEAN,115000,"31,2",3686,120750
BOOKED,,15,STUDIO OCEAN,115000,"31,2",3686,120750
EARLY STAGE,,16,STUDIO OCEAN,115000,"31,2",3686,120750
BOOKED,,17,STUDIO VOLCANO VIEW,115000,"31,2",3686,120750
EARLY STAGE,,18,STUDIO VOLCANO VIEW,115000,"31,2",3686,120750
EARLY STAGE,,19,STUDIO VOLCANO VIEW,115000,"31,2",3686,120750
PREBOOKED,,20,STUDIO VOLCANO VIEW,115000,"31,2",3686,120750
PREBOOKED,,P1,PENTHOUSE OCEAN VIEW,119700,"31,2",3837,125685
EARLY STAGE,,P2,PENTHOUSE OCEAN VIEW,119700,"31,2",3837,125685
PREBOOKED,,P3,PENTHOUSE OCEAN VIEW,119700,"31,2",3837,125685
BOOKED,,P4,PENTHOUSE OCEAN VIEW,119700,"31,2",3837,125685
EARLY STAGE,,P5,PENTHOUSE VOLCANO VIEW,119700,"31,2",3837,125685
PREBOOKED,,P6,PENTHOUSE VOLCANO VIEW,119700,"31,2",3837,125685
EARLY STAGE,,P7,PENTHOUSE VOLCANO VIEW,119700,"31,2",3837,125685
EARLY STAGE,,P8,PENTHOUSE VOLCANO VIEW,119700,"31,2",3837,125685
BOOKED,,21,2BD,253700,"104,61",2425,266385
BOOKED,,22,1BD SKY,196700,"83,3",2361,206535
BOOKED,,23,1BD,189700,"71,3",2661,199185
BOOKED,,24,2BD,253700,"104,61",2425,266385
EARLY STAGE,,25,1BD SKY,196700,"83,3",2361,206535
EARLY STAGE,,26,1BD,189700,"71,3",2661,199185
BOOKED,,27,2BD,253700,"104,61",2425,266385
BOOKED,,28,1BD SKY,196700,"83,3",2361,206535
PREBOOKED,,29,1BD,199700,"71,3",2801,209685
EARLY STAGE,,30,1BD,199700,"71,3",2801,209685
PREBOOKED,,31,1BD SKY,206700,"83,3",2481,217035
PREBOOKED,,32,1BD SKY,206700,"83,3",2481,217035
EARLY STAGE,,33,1BD,199700,"71,3",2801,209685
EARLY STAGE,,34,1BD,199700,"71,3",2801,209685
EARLY STAGE,,35,1BD SKY,206700,"83,3",2481,217035
EARLY STAGE,,36,1BD SKY,206700,"83,3",2481,217035
EARLY STAGE,,37,1BD,199700,"71,3",2801,209685
EARLY STAGE,,38,1BD,199700,"71,3",2801,209685
PREBOOKED,,39,1BD SKY,206700,"83,3",2481,217035
BOOKED,,40,1BD SKY,206700,"83,3",2481,217035
EARLY STAGE,,41,1BD,199700,"71,3",2801,209685
EARLY STAGE,,42,1BD,199700,"71,3",2801,209685
BOOKED,,43,1BD SKY,206700,"83,3",2481,217035
BOOKED,,44,2BD,253700,"104,61",2425,266385
EARLY STAGE,,45,1BD,189700,"71,3",2661,199185
EARLY STAGE,,46,1BD SKY,196700,"83,3",2361,206535
PREBOOKED,,47,2BD,253700,"104,61",2425,266385
BOOKED,,48,1BD,189700,"71,3",2661,199185
BOOKED,,49,1BD SKY,196700,"83,3",2361,206535
BOOKED,,50,2BD,253700,"104,61",2425,266385
BOOKED,,51,1BD,189700,"71,3",2661,199185
EARLY STAGE,,52,1BD SKY,206700,"83,3",2481,217035
BOOKED,,53,1BD SKY,196700,"83,3",2361,206535
BOOKED,,54,1BD,189700,"71,3",2661,199185
EARLY STAGE,,55,4BD SKY,469200,"159,8",2936,492660
EARLY STAGE,,56,4BD SKY,469200,"159,8",2936,492660
EARLY STAGE,,57,1BD,189700,"71,3",2661,199185
EARLY STAGE,,58,1BD SKY,196700,"83,3",2361,206535
EARLY STAGE,,59,1BD SKY,196700,"83,3",2361,206535
EARLY STAGE,,60,1BD,189700,"71,3",2661,199185
EARLY STAGE,,61,1BD,189700,"71,3",2661,199185
EARLY STAGE,,62,1BD SKY,196700,"83,3",2361,206535
EARLY STAGE,,63,1BD SKY,196700,"83,3",2361,206535
PREBOOKED,,64,1BD,189700,"71,3",2661,199185
BOOKED,,65,1BD,199700,"71,3",2801,209685
BOOKED,,66,1BD SKY,196700,"83,3",2361,206535
BOOKED,,67,1BD SKY,196700,"83,3",2361,206535
BOOKED,,68,1BD,189700,"71,3",2661,199185
BOOKED,,69,3BD,315000,"127,85",2464,330750
BOOKED,,70,3BD SKY,325000,"136,51",2381,341250
EARLY STAGE,,71,3BD,315000,"136,51",2308,330750
EARLY STAGE,,72,3BD SKY,325000,"136,51",2381,341250
EARLY STAGE,,73,3BD,315000,"127,85",2464,330750
EARLY STAGE,,74,3BD SKY,325000,"136,51",2381,341250
BOOKED,,75,3BD,315000,"127,85",2464,330750
BOOKED,,76,3BD SKY,325000,"136,51",2381,341250
BOOKED,,77,2BD,253700,"104,61",2425,266385
PRESALE,,78,2BD,253700,"104,61",2425,266385
PRESALE,,79,2BD,253700,"104,61",2425,266385
PRESALE,,80,2BD,253700,"104,61",2425,266385
PRESALE,,81,2BD,253700,"104,61",2425,266385
PREBOOKED,,82,2BD,253700,"104,61",2425,266385
BOOKED,,83,2BD,253700,"104,61",2425,266385
BOOKED,,84,2BD,253700,"104,61",2425,266385
BOOKED,,85,3BD,315000,"127,85",2464,330750
PREBOOKED,,86,3BD SKY,325000,"136,51",2381,341250
EARLY STAGE,,87,3BD,315000,"127,85",2464,330750
BOOKED,,88,3BD SKY,325000,"136,51",2381,341250
BOOKED,,89,4BD RIVER,475000,"159,8",2972,498750
PREBOOKED,,90,2BD,253700,"104,61",2425,266385
BOOKED,,91,2BD,253700,"104,61",2425,266385
BOOKED,,92,2BD,253700,"104,61",2425,266385
BOOKED,,93,2BD,253700,"104,61",2425,266385
EARLY STAGE,,94,3BD,315000,"127,85",2464,330750
BOOKED,,95,3BD SKY,325000,"136,51",2381,341250
EARLY STAGE,,96,3BD,315000,"127,85",2464,330750
BOOKED,,97,3BD SKY,325000,"136,51",2381,341250
EARLY STAGE,,98,3BD,315000,"127,85",2464,330750
EARLY STAGE,,99,3BD SKY,325000,"136,51",2381,341250
PREBOOKED,,100,3BD,315000,"127,85",2464,330750
BOOKED,,101,3BD SKY,325000,"136,51",2381,341250
BOOKED,,102,4BD RIVER,469200,"159,8",2936,492660
EARLY STAGE,,103,4BD RIVER,469200,"159,8",2936,492660